{
  "Vinicius": {
    "confianca": 0.47421465094596904,
    "gratidão": 0.5,
    "saudade": 0.49408839176210545,
    "ansiedade": 0.3163267758733996,
    "gratidao": 0.0,
    "_last": "2026-02-07T00:32:33.604695"
  }
}
